employer,notice_date,number_of_employees_affected,warn_type,city,zip,lwib_area,address,record_number,detail_page_url
Yellow Corporation,"Aug 01, 2023",0,WARN,Phoenix,85043,5 - ARIZONA@WORK City of Phoenix,"2021 South 51st Ave; Phoenix, Arizona 85043",723,https://www.azjobconnection.gov/search/warn_lookups/723
OLDE TOWN GRILL,"Aug 04, 2023",18,Non-WARN,Winslow,86047,2002 - ARIZONA@WORK Northeastern Arizona,"108 E 2nd St; Winslow, Arizona 86047",724,https://www.azjobconnection.gov/search/warn_lookups/724
"LECLERC FOODS NUTRITION ARIZONA, LLC","Oct 04, 2023",93,WARN,Phoenix,,5 - ARIZONA@WORK City of Phoenix,"440 51st Ave; Phoenix, Québec 00000",742,https://www.azjobconnection.gov/search/warn_lookups/742
Centerra,"Aug 11, 2023",,WARN,Multiple,00000,5 - ARIZONA@WORK City of Phoenix,,725,https://www.azjobconnection.gov/search/warn_lookups/725
Mediterra Bakery,"Aug 17, 2023",20,Non-WARN,Coolidge,85128,2003 - ARIZONA@WORK Pinal County,"226 S Main Street; Coolidge, Arizona 85128",726,https://www.azjobconnection.gov/search/warn_lookups/726
"ImmunityBio, Inc.","Aug 21, 2023",1,WARN,El Segundo,90245,5 - ARIZONA@WORK City of Phoenix,"2040 E. Mariposa Avenue; El Segundo, California 90245",729,https://www.azjobconnection.gov/search/warn_lookups/729
Nature's Medicines,"Aug 08, 2023",18,Non-WARN,Show Low,85901,2002 - ARIZONA@WORK Northeastern Arizona,"3191 S White Mountain Rd; Show Low, Arizona 85901",728,https://www.azjobconnection.gov/search/warn_lookups/728
Transdev Services,"Oct 20, 2023",829,WARN,Tempe,85281,7 - ARIZONA@WORK Maricopa County,"2050 W Rio Salado Parkway; Tempe, Arizona 85281",744,https://www.azjobconnection.gov/search/warn_lookups/744
La Fonda Restaurant,"Oct 23, 2023",20,Non-WARN,Yuma,85364,9 - ARIZONA@WORK Yuma County,"1095 S. 3rd Ave; Yuma, Arizona 85364",745,https://www.azjobconnection.gov/search/warn_lookups/745
"COR Restaurant Services, LLC","Feb 02, 2023",130,WARN,Surprise,85374,7 - ARIZONA@WORK Maricopa County,"13725 W Bell Rd; Surprise, Arizona 85374",687,https://www.azjobconnection.gov/search/warn_lookups/687
ttec,"Jan 09, 2023",,WARN,Phoenix,85053,5 - ARIZONA@WORK City of Phoenix,,680,https://www.azjobconnection.gov/search/warn_lookups/680
"Cygnus Home Service, LLC","Oct 25, 2023",,WARN,Minneapolis,55402,7 - ARIZONA@WORK Maricopa County,,746,https://www.azjobconnection.gov/search/warn_lookups/746
S & A Industries,"Mar 24, 2023",6,Non-WARN,Yuma,85365,9 - ARIZONA@WORK Yuma County,"3943 E. 41st Pl; Yuma, Arizona 85365",698,https://www.azjobconnection.gov/search/warn_lookups/698
"Monitronics International, Inc., d/b/a Brinks Home","Jan 05, 2023",81,WARN,Dallas,75234,6 - ARIZONA@WORK Pima County,"1990 Whittington Place; Dallas, Texas 75234",678,https://www.azjobconnection.gov/search/warn_lookups/678
"Aspiration Partners, Inc.","Mar 24, 2023",3,WARN,Marina Del Rey,90292,7 - ARIZONA@WORK Maricopa County,"4551 Glencoe Ave, Suite 300; Marina Del Rey, California 90292",699,https://www.azjobconnection.gov/search/warn_lookups/699
eegee's LLC Commissary Department,"Apr 19, 2023",44,WARN,Tucson,85713,6 - ARIZONA@WORK Pima County,"3360 E. Ajo Way; Tucson, Arizona 85713",705,https://www.azjobconnection.gov/search/warn_lookups/705
"Progrexion Teleservices, Inc.","Apr 28, 2023",203,WARN,Phoenix,85027,5 - ARIZONA@WORK City of Phoenix,"20620 N. 19th Avenue; Phoenix, Arizona 85027",706,https://www.azjobconnection.gov/search/warn_lookups/706
Norton Environmental Inc.,"May 01, 2023",9,Non-WARN,Flagstaff,86001,10 - ARIZONA@WORK Coconino County,"1800 E Butler Ave; Flagstaff, Arizona 86001",708,https://www.azjobconnection.gov/search/warn_lookups/708
Tuesday Morning,"May 02, 2023",13,Non-WARN,Flagstaff,86004,10 - ARIZONA@WORK Coconino County,"5005 E Marketplace Dr Suite 17; Flagstaff, Arizona 86004",709,https://www.azjobconnection.gov/search/warn_lookups/709
General Motors LLC facility (Arizona IT Innovation Center),"Aug 23, 2023",936,WARN,Chandler,85224,7 - ARIZONA@WORK Maricopa County,"2900 W Geronimo Place; Chandler, Arizona 85224",730,https://www.azjobconnection.gov/search/warn_lookups/730
CVS Health,"Aug 18, 2023",134,WARN,Scottsdale,85260,7 - ARIZONA@WORK Maricopa County,"9501 E Shea Blvd.; Scottsdale, Arizona 85260",727,https://www.azjobconnection.gov/search/warn_lookups/727
North American Savings Bank,"Jan 05, 2023",10,WARN,Kansas City,64131,7 - ARIZONA@WORK Maricopa County,"903 E. 104th street, Suite 400; Kansas City, Missouri 64131",679,https://www.azjobconnection.gov/search/warn_lookups/679
McKesson Corporation,"Mar 29, 2023",252,WARN,Scottsdale,85250,7 - ARIZONA@WORK Maricopa County,"5601 N. Pima Road; Scottsdale, Arizona 85250",700,https://www.azjobconnection.gov/search/warn_lookups/700
Honeywell,"Mar 31, 2023",6,WARN,Phoenix,85043,7 - ARIZONA@WORK Maricopa County,"4570 W Lower Buckeye Rd; Phoenix, Arizona 85043",703,https://www.azjobconnection.gov/search/warn_lookups/703
"KeHE Distributors, INC","Aug 23, 2023",,WARN,Naperville,60563,7 - ARIZONA@WORK Maricopa County,,731,https://www.azjobconnection.gov/search/warn_lookups/731
"Lucid USA, Inc.","Mar 31, 2023",968,WARN,Casa Grande,85193,2003 - ARIZONA@WORK Pinal County,"317 South Thornton Road; Casa Grande, Arizona 85193",702,https://www.azjobconnection.gov/search/warn_lookups/702
Michael Foods,"Apr 04, 2023",20,Non-WARN,Yuma,85365,9 - ARIZONA@WORK Yuma County,"4420 E. 36th St.; Yuma, Arizona 85365",704,https://www.azjobconnection.gov/search/warn_lookups/704
Sion Power Corporation,"Mar 30, 2023",14,Non-WARN,Tucson,85756,6 - ARIZONA@WORK Pima County,"2900 E. Elvira Rd; Tucson, Arizona 85756",701,https://www.azjobconnection.gov/search/warn_lookups/701
"Specialized Bicycle Components, Inc.","Jan 11, 2023",1,WARN,Morgan Hill,95037,7 - ARIZONA@WORK Maricopa County,"15130 Concord Circle; Morgan Hill, California 95037",681,https://www.azjobconnection.gov/search/warn_lookups/681
State Farm Mutual Automobile Insurance Company,"Jan 24, 2023",186,WARN,Tempe,85281,7 - ARIZONA@WORK Maricopa County,"400/500/600 Rio Salado Pkwy; Tempe, Arizona 85281",682,https://www.azjobconnection.gov/search/warn_lookups/682
The CLUB for YOUth,"May 01, 2023",12,Non-WARN,Kingman,86401,11 - ARIZONA@WORK Mohave and La Paz Counties,"301 N 1st St; Kingman, Arizona 86401",707,https://www.azjobconnection.gov/search/warn_lookups/707
Solari Crisis and Human Services,"Jan 27, 2023",27,Non-WARN,Tempe,85288,7 - ARIZONA@WORK Maricopa County,"1275 W Washington Street, Suite 210; Tempe, Arizona 85288",684,https://www.azjobconnection.gov/search/warn_lookups/684
ttec,"Jan 30, 2023",308,WARN,Tempe,85281,7 - ARIZONA@WORK Maricopa County,"40 E Rio Salado Pkwy, Suite 1000; Tempe, Arizona 85281",685,https://www.azjobconnection.gov/search/warn_lookups/685
NextCare Urgent Care,"Feb 01, 2023",12,Non-WARN,Yuma,85364,9 - ARIZONA@WORK Yuma County,"1394 W. 16th St. ; Yuma, Arizona 85364",686,https://www.azjobconnection.gov/search/warn_lookups/686
"UPS Supply Chain Solutions, Inc.","Feb 02, 2023",98,WARN,Goodyear,85338,7 - ARIZONA@WORK Maricopa County,"305 South Bullard Avenue; Goodyear, Arizona 85338",688,https://www.azjobconnection.gov/search/warn_lookups/688
"Vitacost, Inc.","Feb 06, 2023",57,WARN,Tempe,85282,7 - ARIZONA@WORK Maricopa County,"5100 S. McClintock Dr.; Tempe, Arizona 85282",689,https://www.azjobconnection.gov/search/warn_lookups/689
"Critical Ideas, Inc. dba Chipper Cash","Feb 16, 2023",,WARN,San Francisco,94104,7 - ARIZONA@WORK Maricopa County,,690,https://www.azjobconnection.gov/search/warn_lookups/690
Cardinal Glass,"Feb 14, 2023",10,Non-WARN,Casa Grande,85122,2003 - ARIZONA@WORK Pinal County,"1109 N Jefferson Avenue; Casa Grande, Arizona 85122",691,https://www.azjobconnection.gov/search/warn_lookups/691
Divvy Homes Inc.,"Sep 08, 2023",2,WARN,San Francisco,94104,5 - ARIZONA@WORK City of Phoenix,"300 Montgomery Street, Suite 350; San Francisco, California 94104",735,https://www.azjobconnection.gov/search/warn_lookups/735
"Microtech Southwest, Inc./ Westfall Technik, Inc.","Feb 23, 2023",60,WARN,Las Vegas,89169,7 - ARIZONA@WORK Maricopa County,"3883 Howard Hughes Pkwy, Suite 590; Las Vegas, Nevada 89169",692,https://www.azjobconnection.gov/search/warn_lookups/692
"Integrity Molds, Inc./ Westfall Technik, Inc.","Feb 23, 2023",,WARN,Las Vegas,89169,7 - ARIZONA@WORK Maricopa County,,693,https://www.azjobconnection.gov/search/warn_lookups/693
"RPM Logistics, LLC","Feb 27, 2023",,WARN,Phoenix,85034,7 - ARIZONA@WORK Maricopa County,,694,https://www.azjobconnection.gov/search/warn_lookups/694
TaskUs,"Mar 01, 2023",91,WARN,Chandler,85226,7 - ARIZONA@WORK Maricopa County,"601 South 54th Street; Chandler, Arizona 85226",695,https://www.azjobconnection.gov/search/warn_lookups/695
Mural Consulting Corporation,"Mar 02, 2023",100,Non-WARN,Tucson,85704,6 - ARIZONA@WORK Pima County,"1455 W. River Rd.; Tucson, Arizona 85704",696,https://www.azjobconnection.gov/search/warn_lookups/696
Yuma Hospitality LLC DBA Rivers Edge Assisted Living,"Mar 13, 2023",30,Non-WARN,Yuma,85364,9 - ARIZONA@WORK Yuma County,"2050 S. 4th Ave; Yuma, Arizona 85364",697,https://www.azjobconnection.gov/search/warn_lookups/697
Flex LTD,"Aug 29, 2023",50,WARN,Tempe,85281,7 - ARIZONA@WORK Maricopa County,"1735 W. 10th St.; Tempe, Arizona 85281",733,https://www.azjobconnection.gov/search/warn_lookups/733
"TuSimple, Inc.","May 22, 2023",108,WARN,Tucson,85747,6 - ARIZONA@WORK Pima County,"9538 E. Old Vail Rd; Tucson, Arizona 85747",710,https://www.azjobconnection.gov/search/warn_lookups/710
Dole Fresh Vegetables Inc.,"Aug 30, 2023",64,WARN,Yuma,85365,9 - ARIZONA@WORK Yuma County,"3725 S. Avenue 3 1/2 E,; Yuma, Arizona 85365",734,https://www.azjobconnection.gov/search/warn_lookups/734
"Ipro Tech, LLC","Aug 29, 2023",,WARN,Scottsdale,85257,7 - ARIZONA@WORK Maricopa County,,732,https://www.azjobconnection.gov/search/warn_lookups/732
OnPoint Laboratories LLC,"Sep 12, 2023",5,Non-WARN,Snowflake,85937,2002 - ARIZONA@WORK Northeastern Arizona,"501 Main Street; Snowflake, Arizona 85937",736,https://www.azjobconnection.gov/search/warn_lookups/736
Sky High Crane & Rigging Inc,"May 24, 2023",5,Non-WARN,Lake Havasu City,86404,11 - ARIZONA@WORK Mohave and La Paz Counties,"1020 Empire Drive; Lake Havasu City, Arizona 86404",711,https://www.azjobconnection.gov/search/warn_lookups/711
YMCA - Yuma,"Jun 12, 2023",29,Non-WARN,Yuma,85364,9 - ARIZONA@WORK Yuma County,"1917 W. 32nd St. ; Yuma, Arizona 85364",712,https://www.azjobconnection.gov/search/warn_lookups/712
"Thriveworks Administrative Services, LLC","Sep 15, 2023",78,WARN,Phoenix,85014,5 - ARIZONA@WORK City of Phoenix,"1110 E. Missouri Ave; Phoenix, Arizona 85014",737,https://www.azjobconnection.gov/search/warn_lookups/737
Levy Premium Foodservice Limited Partnership,"Jun 26, 2023",335,WARN,Chicago,60611,5 - ARIZONA@WORK City of Phoenix,"980 North Michigan Ave, Suite.400; Chicago, Illinois 60611",713,https://www.azjobconnection.gov/search/warn_lookups/713
Sunrun (Broadway Rd.  Phoenix),"Jun 30, 2023",,WARN,Phoenix,85040,5 - ARIZONA@WORK City of Phoenix,,714,https://www.azjobconnection.gov/search/warn_lookups/714
Sunrun (Mesa),"Jun 30, 2023",80,WARN,Mesa,85210,7 - ARIZONA@WORK Maricopa County,"1001 W Southern Ave., Suite 235; Mesa, Arizona 85210",715,https://www.azjobconnection.gov/search/warn_lookups/715
Sunrun (19th Ave. Phoenix),"Jun 30, 2023",75,WARN,Phoenix,85027,5 - ARIZONA@WORK City of Phoenix,"21410 North 19th Ave, Phoenix,; Phoenix, Arizona 85027",716,https://www.azjobconnection.gov/search/warn_lookups/716
Sunrun (Sweetwater Ave. Phoenix),"Jun 30, 2023",117,WARN,Phoenix,85040,5 - ARIZONA@WORK City of Phoenix,"2848 Sweetwater Avenue ; Phoenix, Arizona 85040",717,https://www.azjobconnection.gov/search/warn_lookups/717
"PBS West, LLC","Jul 07, 2023",,WARN,Reno,89502,7 - ARIZONA@WORK Maricopa County,,718,https://www.azjobconnection.gov/search/warn_lookups/718
Owens Corning,"Jul 19, 2023",63,WARN,Eloy,85131,2003 - ARIZONA@WORK Pinal County,"2101 W. Battaglia Road; Eloy, Arizona 85131",720,https://www.azjobconnection.gov/search/warn_lookups/720
BMO Harris Bank N.A.,"Jul 10, 2023",81,WARN,Tempe,85282,7 - ARIZONA@WORK Maricopa County,"1625 W Fountainhead Parkway; Tempe, Arizona 85282",719,https://www.azjobconnection.gov/search/warn_lookups/719
TransDev Services (Valley Metro Phoenix Paratransit 549),"Jul 25, 2023",135,WARN,Phoenix,85034,7 - ARIZONA@WORK Maricopa County,"120 North 44th Street; Phoenix, Arizona 85034",721,https://www.azjobconnection.gov/search/warn_lookups/721
TD SYNNEX,"Sep 18, 2023",,WARN,Chandler,85226,7 - ARIZONA@WORK Maricopa County,,738,https://www.azjobconnection.gov/search/warn_lookups/738
Bank of the West - BMO Bank,"Sep 19, 2023",112,WARN,Tempe,85282,7 - ARIZONA@WORK Maricopa County,"1625 W. Fountainhead Parkway; Tempe, Arizona 85282",740,https://www.azjobconnection.gov/search/warn_lookups/740
Novemball USA Inc,"Jul 28, 2023",100,WARN,Peoria,85381,7 - ARIZONA@WORK Maricopa County,"8606 West Ludlow Drive; Peoria, Arizona 85381",722,https://www.azjobconnection.gov/search/warn_lookups/722
Shaw Industries Group Inc.,"Sep 19, 2023",250,WARN,Dalton,30720,9 - ARIZONA@WORK Yuma County,"616 E. Walnut Ave; Dalton, Georgia 30720",739,https://www.azjobconnection.gov/search/warn_lookups/739
First Savings Bank,"Sep 29, 2023",,WARN,Jeffersonville,47130,7 - ARIZONA@WORK Maricopa County,,741,https://www.azjobconnection.gov/search/warn_lookups/741
Hyatt Corporation,"Jan 13, 2022",152,WARN,Scottsdale,85258,7 - ARIZONA@WORK Maricopa County,"7700 E. McCormick Parkway ; Scottsdale, Arizona 85258",652,https://www.azjobconnection.gov/search/warn_lookups/652
Bed Bath Beyond California Limited,"Jan 26, 2022",17,Non-WARN,Yuma,85365,9 - ARIZONA@WORK Yuma County,"1212 S. Castle Dome Ave.; Yuma, Arizona 85365",653,https://www.azjobconnection.gov/search/warn_lookups/653
Peloton,"Feb 08, 2022",52,WARN,New York,10001,7 - ARIZONA@WORK Maricopa County,"441 9th Avenue; New York, New York 10001",655,https://www.azjobconnection.gov/search/warn_lookups/655
Habitat for Humanity - ReStore,"Feb 28, 2022",3,Non-WARN,Yuma,85364,9 - ARIZONA@WORK Yuma County,"1245 S. 4th Ave; Yuma, Arizona 85364",656,https://www.azjobconnection.gov/search/warn_lookups/656
Jordan Manufacturing,"Jun 14, 2022",33,Non-WARN,Yuma,85365,9 - ARIZONA@WORK Yuma County,"3860 S. Arizona Ave. ; Yuma, Arizona 85365",657,https://www.azjobconnection.gov/search/warn_lookups/657
Honeywell Chandler,"May 13, 2022",40,WARN,Chandler,85226,7 - ARIZONA@WORK Maricopa County,"6505 W. Chandler Blvd; Chandler, Arizona 85226",658,https://www.azjobconnection.gov/search/warn_lookups/658
Kirkland's Home,"Jun 22, 2022",6,Non-WARN,Yuma,85365,9 - ARIZONA@WORK Yuma County,"1496 Yuma Palms Pkwy; Yuma, Arizona 85365",660,https://www.azjobconnection.gov/search/warn_lookups/660
Hunter Douglas,"Feb 03, 2022",111,WARN,Phoenix,85043,7 - ARIZONA@WORK Maricopa County,"Claudia Flores, 601 South 65th Ave, Suite 6; Phoenix, Arizona 85043",654,https://www.azjobconnection.gov/search/warn_lookups/654
Home Point Financial Corporation d/b/a Homepoint,"Nov 17, 2022",,WARN,Chandler,85224,7 - ARIZONA@WORK Maricopa County,,673,https://www.azjobconnection.gov/search/warn_lookups/673
Santa Cruz Valley Regional Hospital (SCVRH),"Jun 20, 2022",315,WARN,Green Valley,85614,6 - ARIZONA@WORK Pima County,"4455 S 1-19 Frontage Road; Green Valley, Arizona 85614",661,https://www.azjobconnection.gov/search/warn_lookups/661
Ross Innovative Employment Solutions Corp.,"Jun 28, 2022",1,Non-WARN,Yuma,85364,9 - ARIZONA@WORK Yuma County,"3850 W. 16th Street, STE A; Yuma, Arizona 85364",663,https://www.azjobconnection.gov/search/warn_lookups/663
Factory 2U (Fallas Paredes),"Jun 30, 2022",9,Non-WARN,San Luis,85349,9 - ARIZONA@WORK Yuma County,"527 N. Main St.; San Luis, Arizona 85349",664,https://www.azjobconnection.gov/search/warn_lookups/664
"AMMA Investment Group, LLC","Aug 18, 2022",103,WARN,Amado,85645,8 - ARIZONA@WORK Santa Cruz County,"2935 East Frontage Rd; Amado, Arizona 85645",670,https://www.azjobconnection.gov/search/warn_lookups/670
Community Health Associates,"Dec 19, 2022",11,WARN,Yuma,85364,9 - ARIZONA@WORK Yuma County,"2851 S. Ave B Building 4; Yuma, Arizona 85364",676,https://www.azjobconnection.gov/search/warn_lookups/676
Davis Custom Welding & Steel Supply,"Aug 01, 2022",5,Non-WARN,Yuma,85365,9 - ARIZONA@WORK Yuma County,"1875 E. 9th St.; Yuma, Arizona 85365",666,https://www.azjobconnection.gov/search/warn_lookups/666
"Robinhood Markets, Inc","Aug 03, 2022",,WARN,Tempe,85281,7 - ARIZONA@WORK Maricopa County,,667,https://www.azjobconnection.gov/search/warn_lookups/667
eegee’s LLC,"Aug 09, 2022",23,WARN,Tucson,85713,6 - ARIZONA@WORK Pima County,"3360 E. Ajo Way; Tucson, Arizona 85713",668,https://www.azjobconnection.gov/search/warn_lookups/668
Ball Corp.,"Aug 03, 2022",120,Non-WARN,Phoenix,85043,5 - ARIZONA@WORK City of Phoenix,"211 N. 51st Ave.; Phoenix, Arizona 85043",669,https://www.azjobconnection.gov/search/warn_lookups/669
"Holsum Bakery, Inc.","Sep 01, 2022",213,WARN,Phoenix,85009,5 - ARIZONA@WORK City of Phoenix,"2322 W. Lincoln St.; Phoenix, Arizona 85009",672,https://www.azjobconnection.gov/search/warn_lookups/672
Home Point Financial Corporation d/b/a Homepoint,"Sep 01, 2022",113,WARN,Chandler,85224,7 - ARIZONA@WORK Maricopa County,"2525 West Frye Road, Suite 115, Suite 200; Chandler, Arizona 85224",671,https://www.azjobconnection.gov/search/warn_lookups/671
Honeywell Phoenix (Buckeye),"Jul 14, 2022",133,WARN,Phoenix,85043,5 - ARIZONA@WORK City of Phoenix,"4570 W Lower Buckeye Road; Phoenix, Arizona 85043",665,https://www.azjobconnection.gov/search/warn_lookups/665
Cardenas Markets LLC,"Dec 16, 2022",63,WARN,Tucson,85741,6 - ARIZONA@WORK Pima County,"902 W. Irvington; Tucson, Arizona 85741",675,https://www.azjobconnection.gov/search/warn_lookups/675
"Freshly, LLC.","Dec 05, 2022",500,WARN,Phoenix,85043,5 - ARIZONA@WORK City of Phoenix,"610 S 56th Ave.; Phoenix, Arizona 85043",674,https://www.azjobconnection.gov/search/warn_lookups/674
"NE AZ LWDB Show Low, AZ: Native Wings Complex Fire","Feb 04, 2022",60,Non-WARN,Show Low,85901,2002 - ARIZONA@WORK Northeastern Arizona,"391 W Deuce of Clubs; Show Low, Arizona 85901",659,https://www.azjobconnection.gov/search/warn_lookups/659
"TuSimple, Inc.","Dec 22, 2022",135,WARN,Tucson,85747,6 - ARIZONA@WORK Pima County,"9538 E Old Vail Rd.; Tucson, Arizona 85747",677,https://www.azjobconnection.gov/search/warn_lookups/677
Bed Bath & Beyond,"Sep 22, 2022",120,Non-WARN,Tucson,85748,6 - ARIZONA@WORK Pima County,"Gil; Tucson, Arizona 85748",683,https://www.azjobconnection.gov/search/warn_lookups/683
EQUUS Workforce Solutions,"Jun 27, 2022",4,Non-WARN,Yuma,85364,9 - ARIZONA@WORK Yuma County,"3842 W. 16th Street; Yuma, Arizona 85364",662,https://www.azjobconnection.gov/search/warn_lookups/662
XPO Logistics,"Jan 29, 2021",85,Non-WARN,Phoenix,85043,5 - ARIZONA@WORK City of Phoenix,"7037 W. Van Buren; Phoenix, Arizona 85043",635,https://www.azjobconnection.gov/search/warn_lookups/635
XPO Logistics,"Jan 29, 2021",85,Non-WARN,Phoenix,85043,5 - ARIZONA@WORK City of Phoenix,"7037 W. Van Buren; Phoenix, Arizona 85043",636,https://www.azjobconnection.gov/search/warn_lookups/636
AeroGuard,"Feb 12, 2021",92,WARN,,,5 - ARIZONA@WORK City of Phoenix,,637,https://www.azjobconnection.gov/search/warn_lookups/637
Collins Aerospace,"Mar 15, 2021",95,WARN,Phoenix,85040,7 - ARIZONA@WORK Maricopa County,"3445 S. 5th Street; Phoenix, Arizona 85040",638,https://www.azjobconnection.gov/search/warn_lookups/638
Chapel Haven Schleifer Center,"Mar 12, 2021",,Non-WARN,Tucson,85719,6 - ARIZONA@WORK Pima County,,639,https://www.azjobconnection.gov/search/warn_lookups/639
SPS N95 Manufacturing,"May 26, 2021",727,WARN,Phoenix,85034,5 - ARIZONA@WORK City of Phoenix,"402 S. 36th St; Phoenix, Arizona 85034",640,https://www.azjobconnection.gov/search/warn_lookups/640
Farmers Investment Co / The Green Valley Pecan Company,"Sep 24, 2021",137,Non-WARN,Sahuarita,85629,6 - ARIZONA@WORK Pima County,"1625 E Sahuarita Rd; Sahuarita, Arizona 85629",645,https://www.azjobconnection.gov/search/warn_lookups/645
"Toca Madera Management LLC dba/aka The Madera Group, LLC","Sep 09, 2021",153,WARN,Scottsdale,85251,7 - ARIZONA@WORK Maricopa County,"4736 N Goldwater Blvd; Scottsdale, Arizona 85251",646,https://www.azjobconnection.gov/search/warn_lookups/646
National Education Partners,"Nov 04, 2021",423,WARN,Scottsdale,85255,7 - ARIZONA@WORK Maricopa County,"8667 E. Hartford Drive, Suite 100; Scottsdale, Arizona 85255",648,https://www.azjobconnection.gov/search/warn_lookups/648
Katerra Inc.,"Jun 01, 2021",251,WARN,Scottsdale,85258,7 - ARIZONA@WORK Maricopa County,"9305 East Via de Ventura, Suite 200; Scottsdale, Arizona 85258",641,https://www.azjobconnection.gov/search/warn_lookups/641
"Central Freight Lines, Inc.","Dec 14, 2021",100,WARN,Phoenix,85043,5 - ARIZONA@WORK City of Phoenix,"3450 S. 59th Ave; Phoenix, Arizona 85043",649,https://www.azjobconnection.gov/search/warn_lookups/649
"Monitronics International, Inc. d/b/a Brinks Home","Dec 17, 2021",,WARN,Phoenix,85004,5 - ARIZONA@WORK City of Phoenix,,650,https://www.azjobconnection.gov/search/warn_lookups/650
EQUUS Workforce Solutions,"Jun 02, 2021",9,Non-WARN,Yuma,85364,9 - ARIZONA@WORK Yuma County,"3826 West 16th Street; Yuma, Arizona 85364",643,https://www.azjobconnection.gov/search/warn_lookups/643
Ironwood Assisted Living,"Jun 02, 2021",10,Non-WARN,Yuma,85367,9 - ARIZONA@WORK Yuma County,"11893 South Ironwood Drive; Yuma, Arizona 85367",642,https://www.azjobconnection.gov/search/warn_lookups/642
Honeywell,"Nov 17, 2021",81,WARN,Chandler,85226,7 - ARIZONA@WORK Maricopa County,"6760 W. Chicago Street; Chandler, Arizona 85226",651,https://www.azjobconnection.gov/search/warn_lookups/651
"Centurion Detention Health Services, LLC","Aug 17, 2021",,WARN,Tucson,85713,6 - ARIZONA@WORK Pima County,,644,https://www.azjobconnection.gov/search/warn_lookups/644
"ZILLOW GROUP, Inc.","Nov 04, 2021",61,WARN,Scottsdale,85251,7 - ARIZONA@WORK Maricopa County,"4343 N. Scottsdale Rd. Suite 390; Scottsdale, Arizona 85251",647,https://www.azjobconnection.gov/search/warn_lookups/647
Grand Canyon Scenic Airlines,"Sep 03, 2020",105,WARN,Grand Canyon,86023,10 - ARIZONA@WORK Coconino County,"South Rim, Hwy 64PO Box 455; Grand Canyon, Arizona 86023",621,https://www.azjobconnection.gov/search/warn_lookups/621
Sam Levits,"Mar 25, 2020",628,WARN,,,6 - ARIZONA@WORK Pima County,,427,https://www.azjobconnection.gov/search/warn_lookups/427
Onni Properties,"Mar 25, 2020",240,WARN,,,5 - ARIZONA@WORK City of Phoenix,,425,https://www.azjobconnection.gov/search/warn_lookups/425
Go Rentals,"Mar 23, 2020",275,WARN,Phoenix,85006,7 - ARIZONA@WORK Maricopa County,"Arizona; Phoenix, Arizona 85006",416,https://www.azjobconnection.gov/search/warn_lookups/416
Passport Health,"Mar 23, 2020",65,WARN,Scottsdale,85262,7 - ARIZONA@WORK Maricopa County,"8324 E. Hartford Drive; Scottsdale, Arizona 85262",417,https://www.azjobconnection.gov/search/warn_lookups/417
CMA CGM (America) LLC,"Jan 03, 2020",100,WARN,Scottsdale,85254,7 - ARIZONA@WORK Maricopa County,"16220 North Scottsdale Avenue, suite 400; Scottsdale, Arizona 85254",394,https://www.azjobconnection.gov/search/warn_lookups/394
"Macy's Credit and Customer Services, Inc.","Jan 06, 2020",843,WARN,Tempe,85281,7 - ARIZONA@WORK Maricopa County,"1345 South 52nd Street; Tempe, Arizona 85281",395,https://www.azjobconnection.gov/search/warn_lookups/395
Constant Aviation,"Jan 10, 2020",50,Non-WARN,Mesa,85212,7 - ARIZONA@WORK Maricopa County,"5615 S. Sossaman  Rd; Mesa, Arizona 85212",396,https://www.azjobconnection.gov/search/warn_lookups/396
Denny's (Beshay Enterprises),"Mar 23, 2020",63,WARN,Casa Grande,85122,,"1851 E Florence Blvd; Casa Grande, Arizona 85122",418,https://www.azjobconnection.gov/search/warn_lookups/418
MAPFRE Insurance - Enterprise Contact Center,"Jan 13, 2020",68,WARN,Gilbert,85234,7 - ARIZONA@WORK Maricopa County,"1555 N Fiesta Blvd; Gilbert, Arizona 85234",397,https://www.azjobconnection.gov/search/warn_lookups/397
TMI Acquisitions LLC,"Jan 10, 2020",,WARN,Tucson,85713,6 - ARIZONA@WORK Pima County,,398,https://www.azjobconnection.gov/search/warn_lookups/398
Aecom,"Jan 17, 2020",62,WARN,Glendale,85310,7 - ARIZONA@WORK Maricopa County,"Luke Airforce Base; Glendale, Arizona 85310",399,https://www.azjobconnection.gov/search/warn_lookups/399
Dyncorp,"Jan 15, 2020",200,WARN,Tuscon,85704,6 - ARIZONA@WORK Pima County,"Monthan AFB; Tuscon, Arizona 85704",400,https://www.azjobconnection.gov/search/warn_lookups/400
Bella Fresh,"Feb 05, 2020",125,WARN,Phoenix,85043,5 - ARIZONA@WORK City of Phoenix,"420 N. 52nd Avenue, suite 1; Phoenix, Arizona 85043",402,https://www.azjobconnection.gov/search/warn_lookups/402
Transportation Brokerage Specialists Inc (TBS),"Feb 20, 2020",110,WARN,Chandler,85225,7 - ARIZONA@WORK Maricopa County,"550 E. Elliott Rd; Chandler, Arizona 85225",403,https://www.azjobconnection.gov/search/warn_lookups/403
Transportation Brokerage Specialists Inc (TBS),"Feb 20, 2020",110,WARN,Phoenix,85034,7 - ARIZONA@WORK Maricopa County,"500 S. 48th st; Phoenix, Arizona 85034",404,https://www.azjobconnection.gov/search/warn_lookups/404
HotChalk,"Feb 25, 2020",75,WARN,Phoenix,85034,5 - ARIZONA@WORK City of Phoenix,"3600 E. University Drive, suite D1600; Phoenix, Arizona 85034",405,https://www.azjobconnection.gov/search/warn_lookups/405
Northrop Grumman,"Mar 09, 2020",,WARN,Sierra Vista,85635,1 - ARIZONA@WORK Southeastern Arizona,,406,https://www.azjobconnection.gov/search/warn_lookups/406
Dani Dental Studio,"Mar 25, 2020",80,Non-WARN,Tempe,85282,7 - ARIZONA@WORK Maricopa County,"1243 E. Broadway Rd, #201; Tempe, Arizona 85282",426,https://www.azjobconnection.gov/search/warn_lookups/426
Amentum,"Mar 13, 2020",62,WARN,Yuma,85364,9 - ARIZONA@WORK Yuma County,"MCAS; Yuma, Arizona 85364",407,https://www.azjobconnection.gov/search/warn_lookups/407
Enclos,"Mar 16, 2020",25,Non-WARN,Phoenix,85009,5 - ARIZONA@WORK City of Phoenix,"2225 S 43rd Avenue; Phoenix, Arizona 85009",408,https://www.azjobconnection.gov/search/warn_lookups/408
Embassy Suites Tempe,"Mar 18, 2020",47,WARN,Tempe,85282,5 - ARIZONA@WORK City of Phoenix,"4400 S. Rural Rd; Tempe, Arizona 85282",409,https://www.azjobconnection.gov/search/warn_lookups/409
Roadhouse cinemas,"Mar 18, 2020",109,WARN,Tucson,85712,6 - ARIZONA@WORK Pima County,"4811 E. Grant Rd. #150; Tucson, Arizona 85712",410,https://www.azjobconnection.gov/search/warn_lookups/410
Pima Valve,"Mar 18, 2020",,WARN,Chandler,85226,7 - ARIZONA@WORK Maricopa County,,411,https://www.azjobconnection.gov/search/warn_lookups/411
Punch Bowl social,"Mar 18, 2020",123,WARN,Phoenix,85004,5 - ARIZONA@WORK City of Phoenix,"903 M. 2nd Street; Phoenix, Arizona 85004",412,https://www.azjobconnection.gov/search/warn_lookups/412
KDC Construction,"Mar 20, 2020",20,WARN,Tempe,85281,7 - ARIZONA@WORK Maricopa County,"1205 South Park Lane Suite 4,5, and 6; Tempe, Arizona 85281",413,https://www.azjobconnection.gov/search/warn_lookups/413
Ares Collective Restaurants,"Mar 23, 2020",180,WARN,Tucson,85715,6 - ARIZONA@WORK Pima County,"Multiple; Tucson, Arizona 85715",414,https://www.azjobconnection.gov/search/warn_lookups/414
Four Seasons Resort,"Mar 20, 2020",422,WARN,Scottsdale,85262,7 - ARIZONA@WORK Maricopa County,"10600 E. Crescent Moon Dr; Scottsdale, Arizona 85262",415,https://www.azjobconnection.gov/search/warn_lookups/415
Islands Restaurants,"Mar 23, 2020",250,WARN,Phoenix,85050,7 - ARIZONA@WORK Maricopa County,"21001 N Tatum Blvd #36-1160; Phoenix, Arizona 85050",419,https://www.azjobconnection.gov/search/warn_lookups/419
Sub-Zero Group Inc,"Mar 20, 2020",446,WARN,Goodyear,85340,7 - ARIZONA@WORK Maricopa County,"4295 N. Cotton Lane; Goodyear, Arizona 85340",420,https://www.azjobconnection.gov/search/warn_lookups/420
International Cruise & Excursion Gallery,"Mar 24, 2020",203,WARN,Scottsdale,85256,7 - ARIZONA@WORK Maricopa County,"7720 N Dobson Rd; Scottsdale, Arizona 85256",421,https://www.azjobconnection.gov/search/warn_lookups/421
"Cameron Mitchell Restaurants, LLC","Mar 24, 2020",75,WARN,Phoenix,85054,5 - ARIZONA@WORK City of Phoenix,"5455 East High Street, Suite 115; Phoenix, Arizona 85054",422,https://www.azjobconnection.gov/search/warn_lookups/422
Movement for Life Inc.,"Mar 25, 2020",,WARN,Multiple,85711,6 - ARIZONA@WORK Pima County,,423,https://www.azjobconnection.gov/search/warn_lookups/423
Surprise Honda,"Mar 25, 2020",16,WARN,,,7 - ARIZONA@WORK Maricopa County,,424,https://www.azjobconnection.gov/search/warn_lookups/424
Denny's (Beshay Enterprises),"Mar 23, 2020",66,WARN,Phoenix,85010,5 - ARIZONA@WORK City of Phoenix,"4120 N 51st Avenue; Phoenix, Arizona 85010",428,https://www.azjobconnection.gov/search/warn_lookups/428
Denny's (Beshay Enterprises),"Mar 23, 2020",65,WARN,Phoenix,85003,5 - ARIZONA@WORK City of Phoenix,"3205 E. Bell Rd; Phoenix, Arizona 85003",429,https://www.azjobconnection.gov/search/warn_lookups/429
Denny's (Beshay Enterprises),"Mar 23, 2020",49,WARN,Glendale,85303,5 - ARIZONA@WORK City of Phoenix,"5161 W. Thunderbird Rd; Glendale, Arizona 85303",430,https://www.azjobconnection.gov/search/warn_lookups/430
Denny's (Beshay Enterprises),"Mar 23, 2020",62,WARN,Thatcher,85552,5 - ARIZONA@WORK City of Phoenix,"2875 W. Highway 70; Thatcher, Arizona 85552",431,https://www.azjobconnection.gov/search/warn_lookups/431
Denny's (Beshay Enterprises),"Mar 23, 2020",54,WARN,Eloy,85194,5 - ARIZONA@WORK City of Phoenix,"16189 S. Sunshine Blvd; Eloy, Arizona 85194",432,https://www.azjobconnection.gov/search/warn_lookups/432
Best Western Hotels & Resorts,"Mar 25, 2020",31,WARN,,,5 - ARIZONA@WORK City of Phoenix,,433,https://www.azjobconnection.gov/search/warn_lookups/433
Phoenix Glendale Renaissance,"Mar 26, 2020",140,WARN,Glendale,85305,7 - ARIZONA@WORK Maricopa County,"9495 W. Coyotes Blvd; Glendale, Arizona 85305",435,https://www.azjobconnection.gov/search/warn_lookups/435
Tucson Marriott University park,"Mar 26, 2020",86,WARN,Tucson,85719,6 - ARIZONA@WORK Pima County,"880 E. 2nd Street; Tucson, Arizona 85719",436,https://www.azjobconnection.gov/search/warn_lookups/436
Drive Time,"Mar 27, 2020",,WARN,Phoenix,85040,5 - ARIZONA@WORK City of Phoenix,,437,https://www.azjobconnection.gov/search/warn_lookups/437
Surprise Honda,"Mar 24, 2020",16,WARN,Surprise,85388,7 - ARIZONA@WORK Maricopa County,"13270 N. AutoShow Avenue; Surprise, Arizona 85388",438,https://www.azjobconnection.gov/search/warn_lookups/438
Tanque Verde Ranch,"Mar 27, 2020",147,WARN,,,6 - ARIZONA@WORK Pima County,,439,https://www.azjobconnection.gov/search/warn_lookups/439
piana Nonwovens,"Mar 31, 2020",7,Non-WARN,Yuma,85364,9 - ARIZONA@WORK Yuma County,"Yuma location; Yuma, Arizona 85364",440,https://www.azjobconnection.gov/search/warn_lookups/440
Holiday Inn Hotels,"Mar 31, 2020",,WARN,Yuma,85364,9 - ARIZONA@WORK Yuma County,,441,https://www.azjobconnection.gov/search/warn_lookups/441
McCormick Scottsdale,"Mar 30, 2020",65,WARN,Scottsdale,85253,7 - ARIZONA@WORK Maricopa County,"7421 N Scottsdale Rd; Scottsdale, Arizona 85253",442,https://www.azjobconnection.gov/search/warn_lookups/442
King's Seafood Company LLC,"Mar 24, 2020",50,WARN,Tempe,85281,7 - ARIZONA@WORK Maricopa County,"35 S. McClintock Drive; Tempe, Arizona 85281",443,https://www.azjobconnection.gov/search/warn_lookups/443
Saddle Ranch Chop House,"Mar 27, 2020",84,WARN,Glendale,85305,7 - ARIZONA@WORK Maricopa County,"9375 W. Coyotes Blvd; Glendale, Arizona 85305",444,https://www.azjobconnection.gov/search/warn_lookups/444
TENET Healthcare Corp.,"Mar 04, 2019",1,WARN,Phoenix,85020,5 - ARIZONA@WORK City of Phoenix,"7878 N 16th Street suite 105; Phoenix, Arizona 85020",277,https://www.azjobconnection.gov/search/warn_lookups/277
Conifer Health Solutions,"Feb 28, 2019",2,WARN,Phoenix,85020,5 - ARIZONA@WORK City of Phoenix,"7878 NB 16th Street, suite 105; Phoenix, Arizona 85020",290,https://www.azjobconnection.gov/search/warn_lookups/290
Alorica,"Jan 25, 2019",227,WARN,Tucson,85756,6 - ARIZONA@WORK Pima County,"2929 E Corona Rd.; Tucson, Arizona 85756",314,https://www.azjobconnection.gov/search/warn_lookups/314
Hot Rods & Beer,"Jan 01, 2019",15,Non-WARN,Yuma,85365,9 - ARIZONA@WORK Yuma County,"1530 S. Castle Dome Ave; Yuma, Arizona 85365",330,https://www.azjobconnection.gov/search/warn_lookups/330
Concentrix Corporation,"Apr 05, 2019",785,WARN,Tucson,85705,6 - ARIZONA@WORK Pima County,"3760 N. Commerce Dr; Tucson, Arizona 85705",319,https://www.azjobconnection.gov/search/warn_lookups/319
Safeway #1985,"Jan 04, 2019",,WARN,Tucson,85742,6 - ARIZONA@WORK Pima County,,322,https://www.azjobconnection.gov/search/warn_lookups/322
Invitation Homes,"Jan 16, 2019",51,WARN,Scottsdale,85255,7 - ARIZONA@WORK Maricopa County,"8665 E. Hartford Drive; Scottsdale, Arizona 85255",324,https://www.azjobconnection.gov/search/warn_lookups/324
Sodexo,"Jan 18, 2019",49,WARN,Phoenix,85034,5 - ARIZONA@WORK City of Phoenix,"4000 E. Sky Harbor Blvd; Phoenix, Arizona 85034",325,https://www.azjobconnection.gov/search/warn_lookups/325
Tesla,"Jan 29, 2019",58,WARN,Phoenix,85040,7 - ARIZONA@WORK Maricopa County,"3834 East Roeser Rd; Phoenix, Arizona 85040",326,https://www.azjobconnection.gov/search/warn_lookups/326
Web.com group Inc,"Feb 01, 2019",11,WARN,Scottsdale,85257,7 - ARIZONA@WORK Maricopa County,"1355 n. Scottsfdale road, suite 400; Scottsdale, Arizona 85257",327,https://www.azjobconnection.gov/search/warn_lookups/327
Combat Tactical Training Range,"Feb 07, 2019",52,WARN,,,9 - ARIZONA@WORK Yuma County,,328,https://www.azjobconnection.gov/search/warn_lookups/328
Convey Health Solutions,"Jan 01, 2019",100,Non-WARN,Yuma,85364,9 - ARIZONA@WORK Yuma County,"725 West 32nd Street; Yuma, Arizona 85364",331,https://www.azjobconnection.gov/search/warn_lookups/331
Western Refining,"Apr 10, 2019",37,WARN,Tempe,85281,7 - ARIZONA@WORK Maricopa County,"1250 Washington St; Tempe, Arizona 85281",333,https://www.azjobconnection.gov/search/warn_lookups/333
Systems Solutions of Kentucky,"Feb 19, 2019",,WARN,,,7 - ARIZONA@WORK Maricopa County,,334,https://www.azjobconnection.gov/search/warn_lookups/334
Valassis,"Oct 23, 2019",92,WARN,Phoenix,85034,5 - ARIZONA@WORK City of Phoenix,"1818 East Riverview Drive; Phoenix, Arizona 85034",374,https://www.azjobconnection.gov/search/warn_lookups/374
General Dynamics Information Technology,"Feb 26, 2019",201,WARN,Sierra Vista,85365,1 - ARIZONA@WORK Southeastern Arizona,"1001 Executive Dr,; Sierra Vista, Arizona 85365",337,https://www.azjobconnection.gov/search/warn_lookups/337
Target Corporation,"Mar 01, 2019",113,WARN,Tucson,85711,6 - ARIZONA@WORK Pima County,"5255 E. Broadway Blvd; Tucson, Arizona 85711",339,https://www.azjobconnection.gov/search/warn_lookups/339
Spectrum Pharmaceuticals,"Mar 01, 2019",,WARN,Henderson,89052,7 - ARIZONA@WORK Maricopa County,,340,https://www.azjobconnection.gov/search/warn_lookups/340
Family dry Cleaners,"Feb 01, 2019",40,Non-WARN,,,9 - ARIZONA@WORK Yuma County,,341,https://www.azjobconnection.gov/search/warn_lookups/341
DialAmerica Marketing,"Mar 04, 2019",182,WARN,Phoenix,85040,5 - ARIZONA@WORK City of Phoenix,"3100 E. Broadway Road; Phoenix, Arizona 85040",342,https://www.azjobconnection.gov/search/warn_lookups/342
Dexcom,"Feb 26, 2019",160,WARN,Mesa,85202,7 - ARIZONA@WORK Maricopa County,"232 S. Dobson Road; Mesa, Arizona 85202",343,https://www.azjobconnection.gov/search/warn_lookups/343
Arizona Daily Star,"Mar 21, 2019",,WARN,Tucson,85714,6 - ARIZONA@WORK Pima County,,344,https://www.azjobconnection.gov/search/warn_lookups/344
Raytheon,"Mar 28, 2019",176,WARN,Sierra Vista,85635,1 - ARIZONA@WORK Southeastern Arizona,"500 North Garden Avenue; Sierra Vista, Arizona 85635",345,https://www.azjobconnection.gov/search/warn_lookups/345
Radisson Suites Hotel Tucson,"Mar 29, 2019",82,WARN,Tucson,85710,6 - ARIZONA@WORK Pima County,"6555 East Speedway Boulevard; Tucson, Arizona 85710",346,https://www.azjobconnection.gov/search/warn_lookups/346
Spectra -Blue Water Resort & Casino,"Apr 01, 2019",128,WARN,Parker,85344,,"11300 Resort Drive; Parker, Arizona 85344",347,https://www.azjobconnection.gov/search/warn_lookups/347
Albertsons,"Jan 05, 2018",76,WARN,Phoenix,85028,5 - ARIZONA@WORK City of Phoenix,"10665 N. tatus Blvd; Phoenix, Arizona 85028",284,https://www.azjobconnection.gov/search/warn_lookups/284
Sams Club,"Jan 11, 2018",150,WARN,Chandler,85225,7 - ARIZONA@WORK Maricopa County,"1375 S. Arizona Blvd; Chandler, Arizona 85225",285,https://www.azjobconnection.gov/search/warn_lookups/285
Sams Club,"Jan 11, 2018",137,WARN,Prescott Valley,86314,,"5757 E. State Route 69; Prescott Valley, Arizona 86314",287,https://www.azjobconnection.gov/search/warn_lookups/287
Sams Club,"Jan 11, 2018",129,WARN,Scottsdale,85251,7 - ARIZONA@WORK Maricopa County,"15255 N Northsight Blvd; Scottsdale, Arizona 85251",288,https://www.azjobconnection.gov/search/warn_lookups/288
National Residential Mortgage,"Feb 07, 2018",54,Non-WARN,Scottsdale,85260,7 - ARIZONA@WORK Maricopa County,"8901 E Raintree Dr Ste 400; Scottsdale, Arizona 85260",289,https://www.azjobconnection.gov/search/warn_lookups/289
Western Refining,"Feb 28, 2018",,WARN,Tempe,85281,7 - ARIZONA@WORK Maricopa County,,291,https://www.azjobconnection.gov/search/warn_lookups/291
Boyd Coffee Company,"Mar 22, 2018",4,WARN,Tempe,85282,7 - ARIZONA@WORK Maricopa County,"1060 W. Alameda Dr; Tempe, Arizona 85282",292,https://www.azjobconnection.gov/search/warn_lookups/292
Rockwell Collins,"Mar 26, 2018",413,WARN,Tucson,85710,6 - ARIZONA@WORK Pima County,"1851 S. pantano Rd; Tucson, Arizona 85710",293,https://www.azjobconnection.gov/search/warn_lookups/293
Marriott,"Apr 03, 2018",414,WARN,Phoenix,85004,5 - ARIZONA@WORK City of Phoenix,"340 N. 3rd. Street; Phoenix, Arizona 85004",294,https://www.azjobconnection.gov/search/warn_lookups/294
"ACS, LLC","Feb 21, 2018",,WARN,Yuma,85365,9 - ARIZONA@WORK Yuma County,,295,https://www.azjobconnection.gov/search/warn_lookups/295
Schletter Inc.,"Apr 25, 2018",16,WARN,Tucson,85705,6 - ARIZONA@WORK Pima County,"3865 n. Business Center Drive , Suite 109; Tucson, Arizona 85705",296,https://www.azjobconnection.gov/search/warn_lookups/296
Direct Energy,"Apr 30, 2018",195,WARN,Tempe,85281,7 - ARIZONA@WORK Maricopa County,"1401 S. 52nd Street, suite 115; Tempe, Arizona 85281",297,https://www.azjobconnection.gov/search/warn_lookups/297
TSI corporation,"May 29, 2018",110,WARN,Las Vegas,89106,7 - ARIZONA@WORK Maricopa County,"1640 Alta Drive, suite 12; Las Vegas, Nevada 89106",298,https://www.azjobconnection.gov/search/warn_lookups/298
UBER,"May 29, 2018",,WARN,Tempe,85281,7 - ARIZONA@WORK Maricopa County,,299,https://www.azjobconnection.gov/search/warn_lookups/299
Hawrhorne Gardening,"Jun 06, 2018",76,WARN,,,7 - ARIZONA@WORK Maricopa County,,300,https://www.azjobconnection.gov/search/warn_lookups/300
AT&T,"Jun 14, 2018",85,WARN,Phoenix,85044,5 - ARIZONA@WORK City of Phoenix,"14601 S. 50th st.; Phoenix, Arizona 85044",301,https://www.azjobconnection.gov/search/warn_lookups/301
Interagency Council,"Jun 13, 2018",15,WARN,Lake havasu City,,,"1940 Mesquite Avenue; Lake havasu City,",302,https://www.azjobconnection.gov/search/warn_lookups/302
Albertsons Store 959,"Jun 18, 2018",,WARN,Tucson,85710,6 - ARIZONA@WORK Pima County,,303,https://www.azjobconnection.gov/search/warn_lookups/303
Safeway 1636,"Jun 18, 2018",61,WARN,Glendale,85306,7 - ARIZONA@WORK Maricopa County,"5860 w. tHUNDERBIRD aVENUE; Glendale, Arizona 85306",304,https://www.azjobconnection.gov/search/warn_lookups/304
Safeway 1202,"Jun 18, 2018",55,WARN,Pheonix,85022,5 - ARIZONA@WORK City of Phoenix,"3131 E. Thunderbird Road; Pheonix, Arizona 85022",305,https://www.azjobconnection.gov/search/warn_lookups/305
Marvell Semiconductors Inc.,"Jul 09, 2018",2,WARN,Chandler,85286,7 - ARIZONA@WORK Maricopa County,"1750 E. Northrop Blvd, #100; Chandler, Arizona 85286",306,https://www.azjobconnection.gov/search/warn_lookups/306
C & W Services,"Jul 03, 2018",,WARN,Phoenix,85006,5 - ARIZONA@WORK City of Phoenix,,307,https://www.azjobconnection.gov/search/warn_lookups/307
Abrazo Scottsdale Campus,"Jul 13, 2018",49,WARN,Phoenix,85032,5 - ARIZONA@WORK City of Phoenix,"3929 E. bell Road; Phoenix, Arizona 85032",308,https://www.azjobconnection.gov/search/warn_lookups/308
World Pay (Bantiv),"Aug 29, 2018",15,Non-WARN,Chandler,85226,7 - ARIZONA@WORK Maricopa County,"500 N. Juniper Drive, suite 100; Chandler, Arizona 85226",309,https://www.azjobconnection.gov/search/warn_lookups/309
GenRx Phamacy,"Sep 19, 2018",123,WARN,Scottsdale,85255,7 - ARIZONA@WORK Maricopa County,"17250 N. Hartford Drive, Suite 115; Scottsdale, Arizona 85255",310,https://www.azjobconnection.gov/search/warn_lookups/310
Suddenlink Communications,"Aug 03, 2017",50,WARN,Lake Havasu,86403,,"2100 College Drive, suite 130; Lake Havasu, Arizona 86403",276,https://www.azjobconnection.gov/search/warn_lookups/276
Phoenix Health Plans,"May 15, 2017",33,Non-WARN,Phoenix,85020,5 - ARIZONA@WORK City of Phoenix,"7878 N 16th St., Ste 105; Phoenix, Arizona 85020",257,https://www.azjobconnection.gov/search/warn_lookups/257
Conifer Health Solutions,"Jul 14, 2017",29,Non-WARN,Phoenix,85020,5 - ARIZONA@WORK City of Phoenix,"7878 N 16th St., Ste 105; Phoenix, Arizona 85020",258,https://www.azjobconnection.gov/search/warn_lookups/258
Albertson Company #1026,"Jan 06, 2017",77,WARN,,,7 - ARIZONA@WORK Maricopa County,,260,https://www.azjobconnection.gov/search/warn_lookups/260
Albertson Company #966,"Jan 06, 2017",77,Non-WARN,,,7 - ARIZONA@WORK Maricopa County,,261,https://www.azjobconnection.gov/search/warn_lookups/261
Albertson Company #969,"Jan 06, 2017",,WARN,,,7 - ARIZONA@WORK Maricopa County,,262,https://www.azjobconnection.gov/search/warn_lookups/262
Zenefits,"Feb 09, 2017",165,WARN,Tempe,85281,7 - ARIZONA@WORK Maricopa County,"40 E. Rio Salado Parkway; Tempe, Arizona 85281",263,https://www.azjobconnection.gov/search/warn_lookups/263
Whole Foods,"Feb 10, 2017",55,WARN,,,5 - ARIZONA@WORK City of Phoenix,,264,https://www.azjobconnection.gov/search/warn_lookups/264
Fortune Plactics,"Feb 21, 2017",39,Non-WARN,Glendale,85301,7 - ARIZONA@WORK Maricopa County,"5160 W. Missouri Ave; Glendale, Arizona 85301",266,https://www.azjobconnection.gov/search/warn_lookups/266
American Airlines,"Mar 24, 2017",,Non-WARN,Phoenix,85034,5 - ARIZONA@WORK City of Phoenix,,267,https://www.azjobconnection.gov/search/warn_lookups/267
Manpower Group,"Mar 17, 2017",53,WARN,Tempe,85284,7 - ARIZONA@WORK Maricopa County,"2050 E. ASU Circle, Ste 120; Tempe, Arizona 85284",268,https://www.azjobconnection.gov/search/warn_lookups/268
Dollar Express Stores LLC #5993,"Mar 30, 2017",8,Non-WARN,Tucson,85714,6 - ARIZONA@WORK Pima County,"2032 E. Irvington Rd; Tucson, Arizona 85714",269,https://www.azjobconnection.gov/search/warn_lookups/269
Dollar Express Store LLC #5172,"Mar 30, 2017",5,Non-WARN,Lake Havasu,86403,,"215 N Lake Havasu Ave N; Lake Havasu, Arizona 86403",271,https://www.azjobconnection.gov/search/warn_lookups/271
Da Vita Rx,"Apr 19, 2017",83,WARN,Chandler,85244,7 - ARIZONA@WORK Maricopa County,"485 N. Juniper Drive; Chandler, Arizona 85244",272,https://www.azjobconnection.gov/search/warn_lookups/272
"Royal Remanufacturing, LLC","Apr 25, 2017",52,WARN,Glendale,85301,7 - ARIZONA@WORK Maricopa County,"5555 N. 51st Avenue; Glendale, Arizona 85301",273,https://www.azjobconnection.gov/search/warn_lookups/273
Kellogg's,"May 26, 2017",180,WARN,Phoenix,85043,5 - ARIZONA@WORK City of Phoenix,"6913 W. Buckeye Rd, #2; Phoenix, Arizona 85043",274,https://www.azjobconnection.gov/search/warn_lookups/274
"SCA Tissue NA, LLC","Jun 08, 2017",,WARN,,,,,275,https://www.azjobconnection.gov/search/warn_lookups/275
Western Refining,"Aug 02, 2017",23,Non-WARN,Tempe,85281,7 - ARIZONA@WORK Maricopa County,"1250 Washington; Tempe, Arizona 85281",278,https://www.azjobconnection.gov/search/warn_lookups/278
Rockwell collins,"Oct 19, 2017",28,WARN,,,6 - ARIZONA@WORK Pima County,,279,https://www.azjobconnection.gov/search/warn_lookups/279
Unitedhealth Group,"Nov 02, 2017",381,WARN,,,5 - ARIZONA@WORK City of Phoenix,,280,https://www.azjobconnection.gov/search/warn_lookups/280
Cornbread Ventures DBA T Zejas,"Oct 23, 2017",58,Non-WARN,,,7 - ARIZONA@WORK Maricopa County,,282,https://www.azjobconnection.gov/search/warn_lookups/282
Marriott,"Nov 29, 2017",20,WARN,Scottsdale,85254,7 - ARIZONA@WORK Maricopa County,"15147 N. Scottsdale Road, Suite H-210; Scottsdale, Arizona 85254",283,https://www.azjobconnection.gov/search/warn_lookups/283
Xchange Leasing LLC (XCL),"Oct 31, 2017",228,WARN,,,5 - ARIZONA@WORK City of Phoenix,,281,https://www.azjobconnection.gov/search/warn_lookups/281
Dolar Express Store LLC #5172,"Apr 13, 2017",,Non-WARN,Lake Havasu,86403,,,270,https://www.azjobconnection.gov/search/warn_lookups/270
"Philidor Rx Services, LLC","Jan 05, 2016",264,WARN,Phoenix,85040,5 - ARIZONA@WORK City of Phoenix,"4217 East Cotton Center Boulevard, Suite 125; Phoenix, Arizona 85040",225,https://www.azjobconnection.gov/search/warn_lookups/225
"Golden EagleDistributors, Inc.","Jan 11, 2016",229,WARN,Tucson,85712,6 - ARIZONA@WORK Pima County,"705 East Ajo Way; Tucson, Arizona 85712",226,https://www.azjobconnection.gov/search/warn_lookups/226
"Golden EagleDistributors, Inc.","Jan 11, 2016",47,WARN,Buckeye,85326,7 - ARIZONA@WORK Maricopa County,"26815 W. Baseline; Buckeye, Arizona 85326",228,https://www.azjobconnection.gov/search/warn_lookups/228
"Golden EagleDistributors, Inc.","Jan 11, 2016",50,WARN,Flagstaff,86001,,"1850 East Butler; Flagstaff, Arizona 86001",229,https://www.azjobconnection.gov/search/warn_lookups/229
"Golden EagleDistributors, Inc.","Jan 11, 2016",16,WARN,Show Low,85901,,"4000 Industrial Loop; Show Low, Arizona 85901",230,https://www.azjobconnection.gov/search/warn_lookups/230
"Golden EagleDistributors, Inc.","Jan 11, 2016",,WARN,Tempe,85271,7 - ARIZONA@WORK Maricopa County,,231,https://www.azjobconnection.gov/search/warn_lookups/231
ASARCO Grupo Mexico,"Feb 11, 2016",,WARN,Hayden,85135,,,232,https://www.azjobconnection.gov/search/warn_lookups/232
Aeroturbine,"Jan 27, 2016",61,WARN,Phoenix,85340,7 - ARIZONA@WORK Maricopa County,"1658 S Litchfield Road; Phoenix, Arizona 85340",233,https://www.azjobconnection.gov/search/warn_lookups/233
Intel Corporation,"Apr 25, 2016",248,WARN,Chandler,85248,7 - ARIZONA@WORK Maricopa County,"4500 S. Dobson Road; Chandler, Arizona 85248",234,https://www.azjobconnection.gov/search/warn_lookups/234
Intel Corporation,"Apr 25, 2016",312,WARN,Chandler,85226,7 - ARIZONA@WORK Maricopa County,"5000 W. Chandler Blvd; Chandler, Arizona 85226",235,https://www.azjobconnection.gov/search/warn_lookups/235
"ACS, LLC","May 04, 2016",25,WARN,Yuma,85365,9 - ARIZONA@WORK Yuma County,"4101 S. Ave 3 1/4 E; Yuma, Arizona 85365",236,https://www.azjobconnection.gov/search/warn_lookups/236
"ACS, LLC","May 04, 2016",25,WARN,Yuma,85365,9 - ARIZONA@WORK Yuma County,"4102 S. Ave 3 1/2 E; Yuma, Arizona 85365",237,https://www.azjobconnection.gov/search/warn_lookups/237
GENCO,"Mar 29, 2016",73,WARN,Phoenix,85043,7 - ARIZONA@WORK Maricopa County,"7200 W. Buckeye Road; Phoenix, Arizona 85043",238,https://www.azjobconnection.gov/search/warn_lookups/238
ZMC,"May 02, 2016",,WARN,Scottsdale,85253,7 - ARIZONA@WORK Maricopa County,,239,https://www.azjobconnection.gov/search/warn_lookups/239
livingsocial,"Mar 16, 2016",122,WARN,Tucson,85711,6 - ARIZONA@WORK Pima County,"250 W. Willimas Blvd, Floor 4; Tucson, Arizona 85711",240,https://www.azjobconnection.gov/search/warn_lookups/240
Vitron manufacturing solutions,"Jan 06, 2016",87,WARN,,,5 - ARIZONA@WORK City of Phoenix,,241,https://www.azjobconnection.gov/search/warn_lookups/241
DataSphere Technologies,"May 30, 2016",84,WARN,Tempe,85282,7 - ARIZONA@WORK Maricopa County,"1560 W. Fountainhead Pkwy, Suite 200; Tempe, Arizona 85282",242,https://www.azjobconnection.gov/search/warn_lookups/242
"Advantage Logistics Southwest, Inc.","Jun 06, 2016",507,WARN,,,7 - ARIZONA@WORK Maricopa County,,243,https://www.azjobconnection.gov/search/warn_lookups/243
ABB Inc.,"May 31, 2016",89,WARN,,,5 - ARIZONA@WORK City of Phoenix,,244,https://www.azjobconnection.gov/search/warn_lookups/244
Select Medical Corporation,"Aug 03, 2016",90,WARN,Scottsdale,85251,7 - ARIZONA@WORK Maricopa County,"7400 E. Osborn Road, 3rd Flr, West; Scottsdale, Arizona 85251",245,https://www.azjobconnection.gov/search/warn_lookups/245
ManpowerGroup,"Aug 04, 2016",,WARN,Tempe,85280,7 - ARIZONA@WORK Maricopa County,,246,https://www.azjobconnection.gov/search/warn_lookups/246
ARRIS Group Inc.,"Aug 24, 2016",20,WARN,Phoenix,85044,5 - ARIZONA@WORK City of Phoenix,"8222 S. 48th Street  #225; Phoenix, Arizona 85044",247,https://www.azjobconnection.gov/search/warn_lookups/247
ARRIS Group Inc.,"Aug 24, 2016",139,WARN,Tempe,85283,7 - ARIZONA@WORK Maricopa County,"1100 W. Grove Parkway #102; Tempe, Arizona 85283",248,https://www.azjobconnection.gov/search/warn_lookups/248
ARRIS Group Inc.,"Aug 24, 2016",36,WARN,Mesa,85201,7 - ARIZONA@WORK Maricopa County,"1355 W. University Drive; Mesa, Arizona 85201",249,https://www.azjobconnection.gov/search/warn_lookups/249
RICOH USA Inc.,"Sep 01, 2016",,WARN,Tempe,85281,7 - ARIZONA@WORK Maricopa County,,250,https://www.azjobconnection.gov/search/warn_lookups/250
Theranos,"Oct 06, 2016",194,WARN,Scottsdale,85257,7 - ARIZONA@WORK Maricopa County,"1365 N. Scottsdale road, Suite 300; Scottsdale, Arizona 85257",251,https://www.azjobconnection.gov/search/warn_lookups/251
AT&T,"Nov 29, 2016",50,WARN,,,5 - ARIZONA@WORK City of Phoenix,,252,https://www.azjobconnection.gov/search/warn_lookups/252
GO Digital,"Nov 17, 2016",153,WARN,Phoenix,85004,5 - ARIZONA@WORK City of Phoenix,"200 East Van Buren St; Phoenix, Arizona 85004",253,https://www.azjobconnection.gov/search/warn_lookups/253
Theranos,"Oct 06, 2016",194,WARN,,,7 - ARIZONA@WORK Maricopa County,,254,https://www.azjobconnection.gov/search/warn_lookups/254
"Hanjin Shipping America, LLC","Oct 12, 2016",181,WARN,,,7 - ARIZONA@WORK Maricopa County,,255,https://www.azjobconnection.gov/search/warn_lookups/255
Marriott/Starwood Scottsdale Office,"Nov 29, 2016",76,WARN,Scottsdale,85254,7 - ARIZONA@WORK Maricopa County,"15147 N Scottsdale Rd., Ste H-210; Scottsdale, Arizona 85254",256,https://www.azjobconnection.gov/search/warn_lookups/256
OTG Management Tucson LLC,"Dec 27, 2016",107,WARN,,,6 - ARIZONA@WORK Pima County,,259,https://www.azjobconnection.gov/search/warn_lookups/259
"Golden EagleDistributors, Inc.","Jan 11, 2016",,WARN,Casa Grande,,,,227,https://www.azjobconnection.gov/search/warn_lookups/227
"Transworld Systems, Inc (TSI)","Mar 26, 2015",62,WARN,,,5 - ARIZONA@WORK City of Phoenix,,176,https://www.azjobconnection.gov/search/warn_lookups/176
Todds (Div of H.J. Heinz Co. L.P.,"Apr 01, 2015",82,WARN,,,5 - ARIZONA@WORK City of Phoenix,,177,https://www.azjobconnection.gov/search/warn_lookups/177
United Recovery systems,"Mar 31, 2015",99,WARN,Tempe,85283,7 - ARIZONA@WORK Maricopa County,"7340 South Kyrene Road; Tempe, Arizona 85283",178,https://www.azjobconnection.gov/search/warn_lookups/178
Intercontinental Exchange NYSE,"Mar 23, 2015",56,WARN,Phoenix,85016,5 - ARIZONA@WORK City of Phoenix,"2355 E. Camelback Road, Suite 700; Phoenix, Arizona 85016",180,https://www.azjobconnection.gov/search/warn_lookups/180
Captial Group Companies Global,"Apr 22, 2015",173,WARN,,,7 - ARIZONA@WORK Maricopa County,,181,https://www.azjobconnection.gov/search/warn_lookups/181
"Prospect Enterprises, Inc.","Apr 27, 2015",13,WARN,Phoenix,85009,5 - ARIZONA@WORK City of Phoenix,"3012 West Windsor Avenue; Phoenix, Arizona 85009",182,https://www.azjobconnection.gov/search/warn_lookups/182
Zenith Education Group,"Apr 27, 2015",213,WARN,Tempe,85284,7 - ARIZONA@WORK Maricopa County,"8160 S. Hardy Drive; Tempe, Arizona 85284",183,https://www.azjobconnection.gov/search/warn_lookups/183
Safeway,"May 04, 2015",,WARN,,,7 - ARIZONA@WORK Maricopa County,,185,https://www.azjobconnection.gov/search/warn_lookups/185
"Marriott International, Inc.","May 18, 2015",197,WARN,Phoenix,85016,5 - ARIZONA@WORK City of Phoenix,"2401 East Camelback Road; Phoenix, Arizona 85016",186,https://www.azjobconnection.gov/search/warn_lookups/186
"Philosophy, Inc.","Apr 17, 2015",145,WARN,Phoenix,85034,5 - ARIZONA@WORK City of Phoenix,"3809 East Watkins Street; Phoenix, Arizona 85034",187,https://www.azjobconnection.gov/search/warn_lookups/187
"Philosophy, Inc.","Apr 17, 2015",60,WARN,Phoenix,85043,5 - ARIZONA@WORK City of Phoenix,"6913 West Buckeye Road, Suite 1; Phoenix, Arizona 85043",188,https://www.azjobconnection.gov/search/warn_lookups/188
"Enterprise Recovery Systems, Inc","Mar 31, 2015",,WARN,Tempe,85283,7 - ARIZONA@WORK Maricopa County,,179,https://www.azjobconnection.gov/search/warn_lookups/179
Life Care Centers of America,"Apr 30, 2015",147,WARN,Mesa,85206,7 - ARIZONA@WORK Maricopa County,"5121 East Broadway Road; Mesa, Arizona 85206",190,https://www.azjobconnection.gov/search/warn_lookups/190
Life Care Centers of America,"Apr 30, 2015",156,WARN,Tucson,85704,6 - ARIZONA@WORK Pima County,"1313 West Magee Road; Tucson, Arizona 85704",191,https://www.azjobconnection.gov/search/warn_lookups/191
Life Care Centers of America,"Apr 30, 2015",157,WARN,Tucson,85704,6 - ARIZONA@WORK Pima County,"7970 North La Canada Drive; Tucson, Arizona 85704",192,https://www.azjobconnection.gov/search/warn_lookups/192
Life Care Centers of America,"Apr 30, 2015",,WARN,Prescott,86301,,,193,https://www.azjobconnection.gov/search/warn_lookups/193
Life Care Centers of America,"Apr 30, 2015",60,WARN,Scottsdale,85251,7 - ARIZONA@WORK Maricopa County,"3339 North Civic Center Plaza; Scottsdale, Arizona 85251",194,https://www.azjobconnection.gov/search/warn_lookups/194
Life Care Centers of America,"Apr 30, 2015",133,WARN,Peoria,85382,7 - ARIZONA@WORK Maricopa County,"20625 North Lake Pleasant Road; Peoria, Arizona 85382",195,https://www.azjobconnection.gov/search/warn_lookups/195
Life Care Centers of America,"Apr 30, 2015",144,WARN,Phoenix,85042,5 - ARIZONA@WORK City of Phoenix,"8008 South Jesse Owens Parkway; Phoenix, Arizona 85042",196,https://www.azjobconnection.gov/search/warn_lookups/196
Life Care Centers of America,"Apr 30, 2015",65,WARN,Mesa,85206,7 - ARIZONA@WORK Maricopa County,"520 South Higley Road; Mesa, Arizona 85206",197,https://www.azjobconnection.gov/search/warn_lookups/197
Life Care Centers of America,"Apr 30, 2015",31,WARN,Mesa,85206,7 - ARIZONA@WORK Maricopa County,"444 South Higley Road; Mesa, Arizona 85206",198,https://www.azjobconnection.gov/search/warn_lookups/198
Life Care Centers of America,"Apr 30, 2015",95,WARN,Prescott,86301,,"1045 Scott Drive; Prescott, Arizona 86301",199,https://www.azjobconnection.gov/search/warn_lookups/199
Life Care Centers of America,"Apr 30, 2015",102,WARN,Tucson,85704,6 - ARIZONA@WORK Pima County,"7900 North La Canada Drive; Tucson, Arizona 85704",200,https://www.azjobconnection.gov/search/warn_lookups/200
Staples,"Jun 26, 2015",60,WARN,Tolleson,85353,7 - ARIZONA@WORK Maricopa County,"8602 W. Buckeye Road; Tolleson, Arizona 85353",201,https://www.azjobconnection.gov/search/warn_lookups/201
Quality Care Network,"Jul 28, 2015",107,WARN,Phoenix,85034,5 - ARIZONA@WORK City of Phoenix,"5326 W. Washington St.; Phoenix, Arizona 85034",202,https://www.azjobconnection.gov/search/warn_lookups/202
"Ameron International, Inc.","Jul 31, 2015",82,WARN,Phoenix,85034,5 - ARIZONA@WORK City of Phoenix,"2325 S. 7th Street; Phoenix, Arizona 85034",203,https://www.azjobconnection.gov/search/warn_lookups/203
Community Partners Inc,"Jul 27, 2015",93,WARN,Tuscon,85711,6 - ARIZONA@WORK Pima County,"2502 N. Dodge Boulevard; Tuscon, Arizona 85711",204,https://www.azjobconnection.gov/search/warn_lookups/204
Atkore International,"Aug 06, 2015",60,WARN,Phoenix,85009,5 - ARIZONA@WORK City of Phoenix,"2525 N. 27th Avenue; Phoenix, Arizona 85009",205,https://www.azjobconnection.gov/search/warn_lookups/205
Calvery Staffing,"Aug 04, 2015",411,WARN,Phoenix,85034,5 - ARIZONA@WORK City of Phoenix,"1732 E. Rental Car Way; Phoenix, Arizona 85034",208,https://www.azjobconnection.gov/search/warn_lookups/208
"Haggen, Inc.","Aug 14, 2015",51,WARN,Tucson,85748,6 - ARIZONA@WORK Pima County,"10380 East Broadway Blvd.; Tucson, Arizona 85748",209,https://www.azjobconnection.gov/search/warn_lookups/209
"Haggen, Inc.","Aug 14, 2015",35,WARN,Tucson,85710,6 - ARIZONA@WORK Pima County,"8740 E. Broadway Road; Tucson, Arizona 85710",211,https://www.azjobconnection.gov/search/warn_lookups/211
"Haggen, Inc.","Aug 14, 2015",,WARN,Anthem,85086,7 - ARIZONA@WORK Maricopa County,,212,https://www.azjobconnection.gov/search/warn_lookups/212
"Haggen, Inc.","Aug 14, 2015",44,WARN,Flagstaff,86001,,"1416 E. Route 66; Flagstaff, Arizona 86001",213,https://www.azjobconnection.gov/search/warn_lookups/213
"Haggen, Inc.","Aug 14, 2015",51,WARN,Prescott Valley,86314,,"7450 E. Highway 69; Prescott Valley, Arizona 86314",214,https://www.azjobconnection.gov/search/warn_lookups/214
ATSCO Remanufacturing Inc.,"Aug 26, 2015",155,WARN,Phoenix,85031,5 - ARIZONA@WORK City of Phoenix,"4525 North 43rd Ave; Phoenix, Arizona 85031",215,https://www.azjobconnection.gov/search/warn_lookups/215
ASARCO Grupo Mexico,"Aug 21, 2015",170,WARN,Hayden,85135,,"6094 N. Asarco road, PO Box 8; Hayden, Arizona 85135",216,https://www.azjobconnection.gov/search/warn_lookups/216
Littler Employment & labor Solutiions Worldwide,"Aug 14, 2015",84,WARN,Mesa,85201,7 - ARIZONA@WORK Maricopa County,"1355 West University Drive; Mesa, Arizona 85201",217,https://www.azjobconnection.gov/search/warn_lookups/217
"Beck, Chaet, Bamberger,& Polsky, S.C.","Aug 14, 2015",22,WARN,Phoenix,85007,5 - ARIZONA@WORK City of Phoenix,"1507 West Parkside Lane; Phoenix, Arizona 85007",218,https://www.azjobconnection.gov/search/warn_lookups/218
Freeport-McMoRan,"Aug 27, 2015",,WARN,Claypool,85532,,,219,https://www.azjobconnection.gov/search/warn_lookups/219
Freeport-McMoRan Sierrita Inc.,"Oct 22, 2015",580,WARN,Green Valley,85622,6 - ARIZONA@WORK Pima County,"6200 W. Duval Mine Road; Green Valley, Arizona 85622",220,https://www.azjobconnection.gov/search/warn_lookups/220
"Marvell Semiconductor, Inc.","Oct 16, 2015",29,WARN,Chandler,85286,7 - ARIZONA@WORK Maricopa County,"1750 E. Northrop Blvd #100; Chandler, Arizona 85286",221,https://www.azjobconnection.gov/search/warn_lookups/221
Management & Training Corporation,"Oct 28, 2015",467,WARN,Golden Valley,86413,,"4626 West English Drive; Golden Valley, Arizona 86413",222,https://www.azjobconnection.gov/search/warn_lookups/222
Walter Investment Managment Corp,"Oct 28, 2015",96,WARN,Tempe,85281,7 - ARIZONA@WORK Maricopa County,"8930 South Beck Avenue, Suite 111; Tempe, Arizona 85281",223,https://www.azjobconnection.gov/search/warn_lookups/223
"DAL Global Services, LLC","Nov 16, 2015",162,WARN,,,5 - ARIZONA@WORK City of Phoenix,,224,https://www.azjobconnection.gov/search/warn_lookups/224
Safeway,"May 04, 2015",44,WARN,Globe,85539,,"2448 E. US Highway 60; Globe, Arizona 85539",184,https://www.azjobconnection.gov/search/warn_lookups/184
CenturyLink,"Feb 26, 2014",52,WARN,Phoenix,85012,5 - ARIZONA@WORK City of Phoenix,"20 E. Thomas Road; Phoenix, Arizona 85012",115,https://www.azjobconnection.gov/search/warn_lookups/115
General Dynamics Information Technology,"Mar 06, 2014",187,WARN,Phoenix,85021,5 - ARIZONA@WORK City of Phoenix,"8900 N. 22nd Ave.; Phoenix, Arizona 85021",116,https://www.azjobconnection.gov/search/warn_lookups/116
PaperWorks,"Jan 31, 2014",100,WARN,Phoenix,19004,5 - ARIZONA@WORK City of Phoenix,"5301 West Mohave; Phoenix, Pennsylvania 19004",117,https://www.azjobconnection.gov/search/warn_lookups/117
Magellan Health Services,"Jan 27, 2014",247,Non-WARN,,,5 - ARIZONA@WORK City of Phoenix,,118,https://www.azjobconnection.gov/search/warn_lookups/118
Magellan,"Jan 27, 2014",247,WARN,,,5 - ARIZONA@WORK City of Phoenix,,119,https://www.azjobconnection.gov/search/warn_lookups/119
GE Capital,"Jan 15, 2014",,WARN,,,5 - ARIZONA@WORK City of Phoenix,,120,https://www.azjobconnection.gov/search/warn_lookups/120
"Blue Chip southwest, LLC","Jan 24, 2014",85,WARN,Tolleson,85085,7 - ARIZONA@WORK Maricopa County,"407 S. 107th Ave. Build D; Tolleson, Arizona 85085",121,https://www.azjobconnection.gov/search/warn_lookups/121
Albertsons LLC,"Jan 13, 2014",68,WARN,Phoenix,85032,7 - ARIZONA@WORK Maricopa County,"4747 E. Greenway Road; Phoenix, Arizona 85032",122,https://www.azjobconnection.gov/search/warn_lookups/122
Macy'S,"Jan 08, 2014",92,WARN,,,7 - ARIZONA@WORK Maricopa County,,131,https://www.azjobconnection.gov/search/warn_lookups/131
Lockheed Martin Corporation Information Systems,"Apr 11, 2014",402,WARN,Goodyear,85338,7 - ARIZONA@WORK Maricopa County,"1300 S. Litchfield Road; Goodyear, Arizona 85338",153,https://www.azjobconnection.gov/search/warn_lookups/153
Maricopa Integrated Health System (CCC),"Apr 25, 2014",641,WARN,Phoenix,85008,5 - ARIZONA@WORK City of Phoenix,"2601 E. Roosevelt Street; Phoenix, Arizona 85008",154,https://www.azjobconnection.gov/search/warn_lookups/154
"US Airways, Inc.","Apr 07, 2014",13,WARN,Tempe,85281,7 - ARIZONA@WORK Maricopa County,"111 W. Rio Salado Pkwy; Tempe, Arizona 85281",155,https://www.azjobconnection.gov/search/warn_lookups/155
Acosta Sales & Marketing,"Jun 19, 2014",,WARN,Phoenix,85040,5 - ARIZONA@WORK City of Phoenix,,156,https://www.azjobconnection.gov/search/warn_lookups/156
TRX Managment LLCdba Zona Hotel & Suites,"Jun 20, 2014",82,WARN,,,7 - ARIZONA@WORK Maricopa County,,157,https://www.azjobconnection.gov/search/warn_lookups/157
Sodexo,"Jul 30, 2014",58,WARN,,,7 - ARIZONA@WORK Maricopa County,,158,https://www.azjobconnection.gov/search/warn_lookups/158
Davidson Hotels & Resorts,"Jun 26, 2014",51,WARN,Scottsdale,85253,7 - ARIZONA@WORK Maricopa County,"6160 N. Scottsdale Road; Scottsdale, Arizona 85253",159,https://www.azjobconnection.gov/search/warn_lookups/159
Arizona Neurological Institute,"Aug 01, 2014",,WARN,,,7 - ARIZONA@WORK Maricopa County,,160,https://www.azjobconnection.gov/search/warn_lookups/160
Anthem,"Jul 15, 2014",21,Non-WARN,Phoenix,85209,5 - ARIZONA@WORK City of Phoenix,"9215 N Black Canyon Hwy; Phoenix, Arizona 85209",161,https://www.azjobconnection.gov/search/warn_lookups/161
Anthem Education,"Jul 15, 2014",21,WARN,Phoenix,85029,5 - ARIZONA@WORK City of Phoenix,"925 N. Black Canyon Hwy; Phoenix, Arizona 85029",162,https://www.azjobconnection.gov/search/warn_lookups/162
"NewStar Fresh Foods, LLC","Aug 15, 2014",41,WARN,Yuma,85364,9 - ARIZONA@WORK Yuma County,"4101 S. Avenue 3 1/14 E; Yuma, Arizona 85364",163,https://www.azjobconnection.gov/search/warn_lookups/163
Rural Metro,"Aug 27, 2014",255,WARN,Scottsdale,85258,7 - ARIZONA@WORK Maricopa County,"9165 E. Del Camino; Scottsdale, Arizona 85258",164,https://www.azjobconnection.gov/search/warn_lookups/164
"Marcolin USA, Inc","Sep 30, 2014",105,WARN,Scottsdale,85260,7 - ARIZONA@WORK Maricopa County,"4243 E. Tierra Buena Lane; Scottsdale, Arizona 85260",165,https://www.azjobconnection.gov/search/warn_lookups/165
Primary Financial Services,"Oct 06, 2014",122,WARN,,,5 - ARIZONA@WORK City of Phoenix,,166,https://www.azjobconnection.gov/search/warn_lookups/166
GT Advanced Technologies,"Oct 16, 2014",727,WARN,,,7 - ARIZONA@WORK Maricopa County,,167,https://www.azjobconnection.gov/search/warn_lookups/167
Walgreen Co.,"Oct 20, 2014",348,WARN,,,,,168,https://www.azjobconnection.gov/search/warn_lookups/168
"SYKES Enterprises, Incorporated","Jan 24, 2012",85,WARN,,,8 - ARIZONA@WORK Santa Cruz County,,3,https://www.azjobconnection.gov/search/warn_lookups/3
VT Services,"Jan 31, 2012",107,WARN,,,1 - ARIZONA@WORK Southeastern Arizona,,4,https://www.azjobconnection.gov/search/warn_lookups/4
Wells Fargo,"Mar 26, 2012",76,WARN,Chandler,85286,7 - ARIZONA@WORK Maricopa County,"2600 S Price Rd; Chandler, Arizona 85286",5,https://www.azjobconnection.gov/search/warn_lookups/5
"Chevron Mining, Inc. McKinley Mine","Feb 08, 2012",103,WARN,,,,,6,https://www.azjobconnection.gov/search/warn_lookups/6
Schuff Steel Company,"Feb 24, 2012",89,WARN,,,7 - ARIZONA@WORK Maricopa County,,7,https://www.azjobconnection.gov/search/warn_lookups/7
SCAN Health Plan Arizona,"Feb 29, 2012",,WARN,,,7 - ARIZONA@WORK Maricopa County,,8,https://www.azjobconnection.gov/search/warn_lookups/8
Armor Works,"Mar 12, 2012",124,WARN,,,7 - ARIZONA@WORK Maricopa County,,9,https://www.azjobconnection.gov/search/warn_lookups/9
The Great Indoors  #1901,"Apr 18, 2012",75,WARN,,,7 - ARIZONA@WORK Maricopa County,,10,https://www.azjobconnection.gov/search/warn_lookups/10
The Great Indoors #1913,"Apr 18, 2012",61,WARN,,,7 - ARIZONA@WORK Maricopa County,,11,https://www.azjobconnection.gov/search/warn_lookups/11
"American Airlines, Inc.","May 01, 2012",,WARN,,,6 - ARIZONA@WORK Pima County,,40,https://www.azjobconnection.gov/search/warn_lookups/40
Covance Laboratories Inc.,"May 02, 2012",133,WARN,,,7 - ARIZONA@WORK Maricopa County,,63,https://www.azjobconnection.gov/search/warn_lookups/63
MetLife,"May 01, 2012",64,WARN,,,7 - ARIZONA@WORK Maricopa County,,64,https://www.azjobconnection.gov/search/warn_lookups/64
"O.P.E.N. America, Inc. dba: OpenWorks","May 01, 2012",144,WARN,,,7 - ARIZONA@WORK Maricopa County,,65,https://www.azjobconnection.gov/search/warn_lookups/65
"Hostess Brands, Inc.","May 04, 2012",2,WARN,,,1 - ARIZONA@WORK Southeastern Arizona,,66,https://www.azjobconnection.gov/search/warn_lookups/66
Hostess Brand Inc.,"May 04, 2012",9,WARN,,,,,67,https://www.azjobconnection.gov/search/warn_lookups/67
"Hostess Brands, Inc.","May 04, 2012",1,WARN,,,,,70,https://www.azjobconnection.gov/search/warn_lookups/70
"Hostess Brands, Inc.","May 04, 2012",,WARN,,,7 - ARIZONA@WORK Maricopa County,,71,https://www.azjobconnection.gov/search/warn_lookups/71
"Hostess Brands, Inc.","May 04, 2012",,WARN,,,7 - ARIZONA@WORK Maricopa County,,72,https://www.azjobconnection.gov/search/warn_lookups/72
"Hostess Brands, Inc.","May 04, 2012",38,WARN,,,7 - ARIZONA@WORK Maricopa County,,73,https://www.azjobconnection.gov/search/warn_lookups/73
"Hostess Brand, Inc.","May 04, 2012",43,WARN,,,7 - ARIZONA@WORK Maricopa County,,74,https://www.azjobconnection.gov/search/warn_lookups/74
"Hostess Brands, Inc.","May 04, 2012",1,WARN,,,7 - ARIZONA@WORK Maricopa County,,75,https://www.azjobconnection.gov/search/warn_lookups/75
"Hostess Brands, Inc.","May 04, 2012",,WARN,,,,,76,https://www.azjobconnection.gov/search/warn_lookups/76
"Hostess Brand, Inc.","May 04, 2012",5,WARN,,,,,77,https://www.azjobconnection.gov/search/warn_lookups/77
"Hostess Brands, Inc.","May 04, 2012",6,WARN,,,,,78,https://www.azjobconnection.gov/search/warn_lookups/78
"Hostess Brands, Inc.","May 04, 2012",1,WARN,,,,,79,https://www.azjobconnection.gov/search/warn_lookups/79
"Hostess Brands, Inc.","May 04, 2012",38,WARN,,,6 - ARIZONA@WORK Pima County,,80,https://www.azjobconnection.gov/search/warn_lookups/80
"Hostess Brands, Inc.","May 04, 2012",3,WARN,,,,,82,https://www.azjobconnection.gov/search/warn_lookups/82
"Hostess Brands, Inc.","May 04, 2012",8,WARN,,,9 - ARIZONA@WORK Yuma County,,83,https://www.azjobconnection.gov/search/warn_lookups/83
"Bada Bing Bakery LLC, dba Chompie's Baking Co.","Mar 16, 2012",70,Non-WARN,,,7 - ARIZONA@WORK Maricopa County,,84,https://www.azjobconnection.gov/search/warn_lookups/84
"Bada Bing Bakery LLC, dba Chompie's Baking Co.","Mar 16, 2012",74,Non-WARN,,,7 - ARIZONA@WORK Maricopa County,,85,https://www.azjobconnection.gov/search/warn_lookups/85
"Bada Bing Bakery LLC, dba Chompie's Baking Co.","Mar 16, 2012",,WARN,,,7 - ARIZONA@WORK Maricopa County,,86,https://www.azjobconnection.gov/search/warn_lookups/86
"Mojave Desert Minerals, LLC","Jul 12, 2012",56,WARN,Oatman,86433,,"10277 W. Oatman Hwy; Oatman, Arizona 86433",87,https://www.azjobconnection.gov/search/warn_lookups/87
"THQ, Inc.","Jul 19, 2012",57,WARN,Phoenix,85016,5 - ARIZONA@WORK City of Phoenix,"4722 N. 24th Street, Ste. 450; Phoenix, Arizona 85016",88,https://www.azjobconnection.gov/search/warn_lookups/88
Catalyst Paper Inc.,"Jul 30, 2012",266,WARN,,,,,89,https://www.azjobconnection.gov/search/warn_lookups/89
The Apache Railway Company Inc.,"Jul 30, 2012",,WARN,,,,,90,https://www.azjobconnection.gov/search/warn_lookups/90
"Global Solar Energy, Inc.","Jul 19, 2012",39,WARN,,,6 - ARIZONA@WORK Pima County,,91,https://www.azjobconnection.gov/search/warn_lookups/91
"Asset Acceptance, LLC","Sep 10, 2012",84,WARN,Tempe,85283,7 - ARIZONA@WORK Maricopa County,"1100 W. Grove Parkway, Suite 101; Tempe, Arizona 85283",92,https://www.azjobconnection.gov/search/warn_lookups/92
Kmart Corporation,"Oct 04, 2012",56,WARN,Peoria,85345,7 - ARIZONA@WORK Maricopa County,"10140 N. 91st Avenue; Peoria, Arizona 85345",93,https://www.azjobconnection.gov/search/warn_lookups/93
AAA Club Partners,"Oct 09, 2012",104,WARN,Glendale,85308,7 - ARIZONA@WORK Maricopa County,"5353 West Bell Road; Glendale, Arizona 85308",94,https://www.azjobconnection.gov/search/warn_lookups/94
Guardian Building Products,"Oct 15, 2012",89,WARN,Kingman,86401,,"4200 Industrial Blvd; Kingman, Arizona 86401",95,https://www.azjobconnection.gov/search/warn_lookups/95
"marriott International, Inc.","Aug 30, 2012",44,WARN,Marana,85658,6 - ARIZONA@WORK Pima County,"15000 N. Secret Springs Drive; Marana, Arizona 85658",96,https://www.azjobconnection.gov/search/warn_lookups/96
HMSHost,"Oct 29, 2012",,WARN,,,5 - ARIZONA@WORK City of Phoenix,,97,https://www.azjobconnection.gov/search/warn_lookups/97
"Wyndam Vaction ownerhsip, Inc. (Company)","Nov 07, 2012",99,WARN,Scottsdale,85251,7 - ARIZONA@WORK Maricopa County,"6991 Camelback Road, Suite B111; Scottsdale, Arizona 85251",98,https://www.azjobconnection.gov/search/warn_lookups/98
Hawker Beechcraft Corporation,"Nov 14, 2012",38,WARN,Mesa,85209,7 - ARIZONA@WORK Maricopa County,"5615 S. Sossaman Road; Mesa, Arizona 85209",99,https://www.azjobconnection.gov/search/warn_lookups/99
Valeant Pharmaceuticals North America LLC,"Dec 10, 2012",319,WARN,Scottsdale,85254,7 - ARIZONA@WORK Maricopa County,"720 North Dobson Road; Scottsdale, Arizona 85254",100,https://www.azjobconnection.gov/search/warn_lookups/100
"VWR International, Rodnor Corporate Center","Dec 17, 2012",50,WARN,Chandler,85248,7 - ARIZONA@WORK Maricopa County,"4500 S. Dobson Road; Chandler, Arizona 85248",101,https://www.azjobconnection.gov/search/warn_lookups/101
TriWest Healthcare Alliance,"Dec 10, 2012",904,WARN,,,5 - ARIZONA@WORK City of Phoenix,,102,https://www.azjobconnection.gov/search/warn_lookups/102
Michaels Arts and Crafts,"Jan 11, 2012",23,Non-WARN,,,,,107,https://www.azjobconnection.gov/search/warn_lookups/107
Albertson's Store #968,"Jan 06, 2012",73,WARN,,,,,2,https://www.azjobconnection.gov/search/warn_lookups/2
"Hostess Brands, Inc.","May 04, 2012",1,WARN,,,,,68,https://www.azjobconnection.gov/search/warn_lookups/68
"Hostess Brand, Inc.","May 04, 2012",,WARN,,,,,69,https://www.azjobconnection.gov/search/warn_lookups/69
"Hostess Brands, Inc.","May 04, 2012",2,WARN,,,,,81,https://www.azjobconnection.gov/search/warn_lookups/81
Cementation,"Dec 10, 2012",400,WARN,Superior,85723,,"47206 North Magma Mine Road; Superior, Arizona 85723",103,https://www.azjobconnection.gov/search/warn_lookups/103
SSI,"Dec 18, 2012",135,WARN,Casa Grande,85122,,"550 North Camino Merade, Suite 21; Casa Grande, Arizona 85122",104,https://www.azjobconnection.gov/search/warn_lookups/104
International Window Arizona,"Dec 30, 2010",64,WARN,,,7 - ARIZONA@WORK Maricopa County,,12,https://www.azjobconnection.gov/search/warn_lookups/12
Kaplan University,"Dec 07, 2010",56,WARN,,,7 - ARIZONA@WORK Maricopa County,,13,https://www.azjobconnection.gov/search/warn_lookups/13
John C. Lincoln Health Network's North Mountain,"Dec 06, 2010",99,WARN,,,7 - ARIZONA@WORK Maricopa County,,14,https://www.azjobconnection.gov/search/warn_lookups/14
ZipRealty,"Nov 29, 2010",195,WARN,,,7 - ARIZONA@WORK Maricopa County,,15,https://www.azjobconnection.gov/search/warn_lookups/15
CEMEX,"Nov 22, 2010",49,WARN,,,6 - ARIZONA@WORK Pima County,,16,https://www.azjobconnection.gov/search/warn_lookups/16
Palm Harbor Homes,"Nov 19, 2010",86,WARN,,,7 - ARIZONA@WORK Maricopa County,,17,https://www.azjobconnection.gov/search/warn_lookups/17
Plastican division of BWAY Corporation,"Nov 17, 2010",54,WARN,,,7 - ARIZONA@WORK Maricopa County,,18,https://www.azjobconnection.gov/search/warn_lookups/18
Pulte Building Services (PBS),"Nov 12, 2010",351,WARN,,,7 - ARIZONA@WORK Maricopa County,,19,https://www.azjobconnection.gov/search/warn_lookups/19
Hines Nurseries,"Oct 06, 2010",133,WARN,,,,,20,https://www.azjobconnection.gov/search/warn_lookups/20
"AB Car Rental Services, Inc.","Sep 28, 2010",70,WARN,,,7 - ARIZONA@WORK Maricopa County,,21,https://www.azjobconnection.gov/search/warn_lookups/21
Xanodyne Pharamaceuticals,"Sep 21, 2010",,WARN,,,7 - ARIZONA@WORK Maricopa County,,22,https://www.azjobconnection.gov/search/warn_lookups/22
"O'Reilly Automotive, Inc.","Sep 09, 2010",45,WARN,,,7 - ARIZONA@WORK Maricopa County,,23,https://www.azjobconnection.gov/search/warn_lookups/23
"Dole Fresh Vegetables, Inc.","Aug 27, 2010",652,WARN,,,9 - ARIZONA@WORK Yuma County,,24,https://www.azjobconnection.gov/search/warn_lookups/24
Whirlaway Corporation,"Aug 10, 2010",150,WARN,,,7 - ARIZONA@WORK Maricopa County,,25,https://www.azjobconnection.gov/search/warn_lookups/25
"Citigroup, Inc.","Jul 30, 2010",,WARN,,,7 - ARIZONA@WORK Maricopa County,,26,https://www.azjobconnection.gov/search/warn_lookups/26
Coach-Net Services Group,"Jul 27, 2010",160,WARN,,,,,27,https://www.azjobconnection.gov/search/warn_lookups/27
Microsemi Corporation,"Jul 12, 2010",255,WARN,,,7 - ARIZONA@WORK Maricopa County,,28,https://www.azjobconnection.gov/search/warn_lookups/28
Crowne Plaza Hotel,"Jun 30, 2010",79,WARN,,,7 - ARIZONA@WORK Maricopa County,,29,https://www.azjobconnection.gov/search/warn_lookups/29
Embassy Suites Hotel (Phoenix),"Jun 14, 2010",,WARN,,,7 - ARIZONA@WORK Maricopa County,,30,https://www.azjobconnection.gov/search/warn_lookups/30
Marketfare Foods,"Jun 11, 2010",84,WARN,,,7 - ARIZONA@WORK Maricopa County,,31,https://www.azjobconnection.gov/search/warn_lookups/31
ATC/Vancom of Arizona L.P. dba Veolia Tranport.,"Apr 28, 2010",953,WARN,,,7 - ARIZONA@WORK Maricopa County,,32,https://www.azjobconnection.gov/search/warn_lookups/32
